{"java": [0.36, 0.6799123047410249], "c#": [0.19, 0.5916763303697976], "javascript": [0.29, 0.6327350656308599], "python": [0.5, 0.7053158705701078], "android": [0.53, 0.7825450999512432], "c++": [0.41000000000000003, 0.6564051638530288], "ios": [0.13, 0.6756633119853614], "html": [0.23, 0.5454545454545454], "php": [0.55, 0.6927016645326505], ".net": [0.09, 0.3663323157435674], "jquery": [0.2, 0.6014449127031908], "css": [0.42, 0.6264343391415215], "objective-c": [0.1, 0.45618153364632236], "c": [0.26, 0.4508320726172466], "sql": [0.14, 0.5101580135440181], "iphone": [0.13, 0.44199424736337495], "asp.net": [0.41000000000000003, 0.42358909321496513], "mysql": [0.6, 0.5936555891238671], "linux": [0.15, 0.36624999999999996], "node.js": [0.37, 0.5015625], "git": [0.84, 0.7596899224806202]}