{"java": [0.19, 0.47979931344071824], "c#": [0.19, 0.40773711396856793], "javascript": [0.22, 0.45859069708811295], "python": [0.29, 0.6040422599908132], "android": [0.3, 0.5833333333333334], "c++": [0.24, 0.513305147973141], "ios": [0.23, 0.5364818254178827], "html": [0.21, 0.4716801523084246], "php": [0.24, 0.562962962962963], ".net": [0.13, 0.2695283254304966], "jquery": [0.16, 0.40899898887765423], "css": [0.2, 0.4907824662023761], "objective-c": [0.13, 0.355764705882353], "c": [0.13, 0.35926573426573427], "sql": [0.19, 0.5268759978712081], "iphone": [0.12, 0.36774989716166184], "asp.net": [0.1, 0.27035330261136714], "mysql": [0.13, 0.3734643734643735], "linux": [0.12, 0.35940803382663844], "node.js": [0.08, 0.2631111111111111], "git": [0.04, 0.2608695652173913]}