{"java": [0.4, 0.7564494971578487], "c#": [0.35000000000000003, 0.674196120116928], "javascript": [0.37, 0.7159011587323747], "python": [0.28, 0.8361344537815126], "android": [0.34, 0.8697593649218556], "c++": [0.33, 0.6872917658257972], "ios": [0.33, 0.7664580725907384], "html": [0.25, 0.637873754152824], "php": [0.27, 0.7766749379652605], ".net": [0.21, 0.471], "jquery": [0.36, 0.7282218597063622], "css": [0.34, 0.7447963800904978], "objective-c": [0.29, 0.5668700140778977], "c": [0.29, 0.551124744376278], "sql": [0.35000000000000003, 0.6184782608695654], "iphone": [0.23, 0.5663217309501412], "asp.net": [0.24, 0.5177725118483412], "mysql": [0.35000000000000003, 0.7261538461538463], "linux": [0.27, 0.5372918175235336], "node.js": [0.26, 0.6473807662236122], "git": [0.26, 0.8191881918819187]}