{"java": [0.19, 0.4728071308616458], "c#": [0.15, 0.35683132163505427], "javascript": [0.18, 0.4165504416550442], "python": [0.23, 0.5889412773253323], "android": [0.28, 0.6008519168128289], "c++": [0.19, 0.453083109919571], "ios": [0.22, 0.5237170596393897], "html": [0.18, 0.4773386916722483], "php": [0.26, 0.5921495327102805], ".net": [0.1, 0.21927400036852773], "jquery": [0.16, 0.36555254441433305], "css": [0.17, 0.4443614637789395], "objective-c": [0.11, 0.3177004538577912], "c": [0.14, 0.3428571428571428], "sql": [0.17, 0.5344915687276444], "iphone": [0.11, 0.35933391761612626], "asp.net": [0.06, 0.16633399866932802], "mysql": [0.09, 0.2706237424547283], "linux": [0.12, 0.3476027397260274], "node.js": [0.06, 0.16138007790762382], "git": [0.03, 0.126149802890933]}