{"java": [0.29, 0.7527177652401266], "c#": [0.33, 0.6649159663865546], "javascript": [0.35000000000000003, 0.7101248266296811], "python": [0.25, 0.8302604067667743], "android": [0.33, 0.8617522958550509], "c++": [0.32, 0.6735378715244488], "ios": [0.29, 0.7598494353826851], "html": [0.24, 0.6277507528376187], "php": [0.26, 0.7659181790218395], ".net": [0.2, 0.4602831773458123], "jquery": [0.39, 0.7147187605254295], "css": [0.3, 0.7394305435720449], "objective-c": [0.24, 0.5591782045556052], "c": [0.27, 0.54323499491353], "sql": [0.28, 0.6225165562913907], "iphone": [0.21, 0.5493087557603687], "asp.net": [0.19, 0.5057096247960847], "mysql": [0.34, 0.706060606060606], "linux": [0.21, 0.5289036544850498], "node.js": [0.28, 0.6304000000000001], "git": [0.28, 0.8074766355140186]}