{"java": [0.33, 0.6938831995571546], "c#": [0.31, 0.6132014060669183], "javascript": [0.18, 0.6435086842434087], "python": [0.48, 0.7461727461727461], "android": [0.58, 0.782475802343352], "c++": [0.44, 0.6718466718466719], "ios": [0.27, 0.6888720666161998], "html": [0.26, 0.554552111300952], "php": [0.51, 0.6779220779220779], ".net": [0.14, 0.39045553145336226], "jquery": [0.41000000000000003, 0.626269035532995], "css": [0.24, 0.6545454545454545], "objective-c": [0.06, 0.4812593703148426], "c": [0.36, 0.5023303987571206], "sql": [0.31, 0.5422535211267606], "iphone": [0.07, 0.4743377483443709], "asp.net": [0.3, 0.4390243902439025], "mysql": [0.56, 0.6456808199121523], "linux": [0.21, 0.40564373897707234], "node.js": [0.38, 0.49159327461969576], "git": [0.54, 0.7675276752767528]}