{"java": [0.36, 0.7510676401708224], "c#": [0.25, 0.6739269698910955], "javascript": [0.27, 0.6948381224808218], "python": [0.49, 0.8223825307077403], "android": [0.51, 0.8503858600945979], "c++": [0.39, 0.7346831448856166], "ios": [0.35000000000000003, 0.7590775269872423], "html": [0.25, 0.6113259040254719], "php": [0.49, 0.7691819911223843], ".net": [0.21, 0.43777217510887007], "jquery": [0.52, 0.6909340659340659], "css": [0.37, 0.7298620382732531], "objective-c": [0.21, 0.5447635135135135], "c": [0.38, 0.57347275729224], "sql": [0.46, 0.6277929155313351], "iphone": [0.26, 0.5303545410393394], "asp.net": [0.29, 0.5095856524427954], "mysql": [0.36, 0.7289586305278173], "linux": [0.24, 0.4969696969696969], "node.js": [0.3, 0.6020558002936858], "arrays": [0.45, 0.649415692821369], "swift": [0.32, 0.5588723051409618], "sql-server": [0.31, 0.6403861625100562], "json": [0.37, 0.7146866230121609], "string": [0.21, 0.5390749601275917], "windows": [0.29, 0.43796992481203006], "performance": [0.19, 0.38525963149078724], "ruby-on-rails": [0.46, 0.75], "xcode": [0.27, 0.5717391304347826], "spring": [0.5, 0.6807165437302424], "ajax": [0.31, 0.5549263873159682], "database": [0.21, 0.40690978886756235], "asp.net-mvc": [0.24, 0.6120777891504605], "algorithm": [0.3, 0.5428571428571428], "ruby": [0.23, 0.6325678496868475], "macos": [0.34, 0.5644329896907216], "multithreading": [0.26, 0.6177884615384616], "visual-studio": [0.3, 0.46749999999999997], "django": [0.46, 0.8531468531468532], "reactjs": [0.37, 0.7390728476821192], "wpf": [0.39, 0.774468085106383], "xml": [0.31, 0.6434540389972145], "bash": [0.17, 0.596541786743516], "eclipse": [0.45, 0.6815068493150684], "python-3.x": [0.16, 0.2608695652173913], "image": [0.19, 0.5055762081784386], "unit-testing": [0.33, 0.6146788990825688], "angular": [0.59, 0.5860655737704917], "c++11": [0.24, 0.48546511627906974], "angularjs": [0.44, 0.5940594059405941], "git": [0.5, 0.8230769230769232]}