{"java": [0.2, 0.4545926310326933], "c#": [0.14, 0.32983193277310924], "javascript": [0.17, 0.4004581901489118], "python": [0.17, 0.49982835564709915], "android": [0.22, 0.5133480284104825], "c++": [0.15, 0.391990758567578], "ios": [0.16, 0.46461071789686553], "html": [0.14, 0.43633125556544966], "php": [0.11, 0.3945322969713213], ".net": [0.08, 0.19759036144578315], "jquery": [0.14, 0.34356180097505024], "css": [0.13, 0.3967848008768725], "objective-c": [0.07, 0.29607760438633485], "c": [0.08, 0.2831158560695928], "sql": [0.12, 0.47039473684210525], "iphone": [0.1, 0.2972972972972973], "asp.net": [0.04, 0.12709572742022715], "mysql": [0.05, 0.18456078083407276], "linux": [0.07, 0.2690166975881262], "node.js": [0.05, 0.12789880534082923], "git": [0.02, 0.033216783216783216]}