{"java": [0.32, 0.7565181404331631], "c#": [0.31, 0.6743831086237599], "javascript": [0.38, 0.7177836854624317], "python": [0.28, 0.8363706119317093], "android": [0.35000000000000003, 0.8693704901716844], "c++": [0.34, 0.6861171893994651], "ios": [0.29, 0.7690411634212473], "html": [0.26, 0.6338329764453962], "php": [0.33, 0.7777777777777778], ".net": [0.26, 0.4714245095251635], "jquery": [0.36, 0.7249190938511327], "css": [0.36, 0.7450805008944545], "objective-c": [0.26, 0.5675182481751825], "c": [0.3, 0.5545691906005222], "sql": [0.33, 0.6246691371095817], "iphone": [0.28, 0.5630468347915595], "asp.net": [0.23, 0.5154518950437318], "mysql": [0.32, 0.7161961367013374], "linux": [0.22, 0.542686962276638], "node.js": [0.32, 0.6515028432168969], "git": [0.33, 0.8217636022514072]}